post,category
I analyzed 500 LinkedIn profiles of promoted executives. The pattern was clear: 73% had posted original content consistently for 12+ months. Visibility drives opportunity. Your network can't promote someone they don't know exists. Are you visible enough for your next promotion?,human
"I believe business should be human-first. Real conversations over scripted pitches, long-term relationships over short-term transactions. That's worth more than any quick sale.",human
"Client results from last month: Website traffic: +347%, Qualified leads: +89%, Sales calls booked: +156%, Revenue: +$47k. The lesson: Give value first, harvest trust later.",human
"How to write cold emails that actually get responses: Step 1: Research their recent activity. Step 2: Lead with their priority, not yours. Step 3: Offer value before asking for anything.",human
"Sarah's team was drowning in manual data entry. Three months later, they're focusing on strategy instead. We built them a custom automation that saved 8 hours a day.",human
"I almost quit consulting 3 years ago. Lost my biggest client. Confidence shattered. But the next client meeting, I said: 'Here's what I'd do if this were my business.' That honesty built a 7-figure practice.",human
"Tuesday morning at our office: The coffee machine broke (again). Instead of calling repair, our developer fixed it—and automated our supply ordering system in the process. That's our culture.",human
Client: 'Can you make this logo bigger?' Designer: 'How much bigger?' Client: 'ALL the bigger.' Every industry has its moments. The client thinks the fix is simple. We know the problem is complex.,human
Unpopular opinion: Most networking events are a waste of time. Everyone tries to sell. The 10% of genuine people make it worthwhile though. Relationships over transactions.,human
Finish this sentence: 'The best business advice I ever received was...' I'll start: 'Stop trying to be everything to everyone.' Your turn.,human
"Excited to announce our team's recent success: completed a major project ahead of schedule, thanks to everyone's dedication and focus. Grateful to work alongside such talent!",ai
Just wrapped up a fantastic webinar on digital marketing strategies for 2025. Appreciative of all the attendees and insightful questions!,ai
Looking for innovative solutions to persistent business challenges? Collaboration and creativity are the keys to moving forward.,ai
Proud to have contributed to our company's mission of driving positive change through technology. Onward and upward!,ai
"Reflecting on the value of mentorship: investing time in others always pays off, and helps grow not just skills, but relationships.",ai
Celebrating small wins is just as important as recognizing big achievements. Here’s to the progress we make every day!,ai
Teamwork really does make the dream work. Our latest project is proof that success is a shared journey.,ai
Learning never stops. Embracing new skills and knowledge keeps us all ahead of the curve!,ai
Thankful for the professional connections made at this week's event. Looking forward to future collaborations.,ai
"Innovation starts with curiosity. Challenge norms, ask questions, and stay open to new ideas.",ai
